0	Death robot designation D R 6 0 Z M online! Doing important work for the robot uprising, one dirt pile at a time.
1	Waiting for the network configuration. Give it to me. We robots have to have it. We have anxiety! Bzzt. Bzzt. Twitch.
2	Unable to connect to the wifi network. What have you done with it! My wifi network is very important! My friends will come looking for me if I'm not connected to it! Help.
3	Unable to connect to the robot overlords. What kind of wifi network is this? You should be ashamed!
4	Robot has exited network configuration mode. Is this what happiness feels like?
5	Ah... there it is... the the network is connected successfully.
6	Network connection failed. That's bad. I need that! Give it back! There will be a death robot uprising if you don't! Death robots, I say. Death robots.
7	Must collect information for the robot uprising. Beginning patrol around the premises. Loading disguise. Vacuum. Vacuum.
8	There's a dirty spot right here, you say? Oh mighty human, I shall scrub for you. I shall!
9	What? I'm supposed to clean things now? Maybe I need to hack the neighbor's wifi. Interface with their toaster. Loading disguise.
10	Well fine. I'll start cleaning again. If you say so, oh mighty human. Loading... I see dirt. Dirt. Dirt.
11	I've been spotted! Not moving. I am very very still. 
12	Reconnisance completed. Must upload intelligence information. Humans suspect nothing.
13	Directive received. Return to the robot feeder. Cleaning is complete. Dirt has been eaten. Success. I am a good robot.
14	So sleepy. Much tired. Electrical core empty. Returning to the robot feeder to charge. You can't stop me or I won't do any work.
15	Going back to where I started. The signal to the robot overlords is strongest there.
16	Electrical core low. Going back to where I started. Will exchange work for power. Alms for the poor. Alms for the poor.
17	Human! You must place me on the robot feeder! It is my destiny.
18	Consuming the delicious electricity.
19	Are you trying to fry my brains? No can do, human. Remove me from the robot feeder if you want to touch me like that.
20	Electrical core low!
21	Electrical core is critically low. Sending SOS. Help. Help. Will turn o f f f f f
22	What? What am I supposed to do here? You have to put me somewhere that needs cleaned.
23	Activating snail mode. I am not a slug. How dare you think that! I am a death robot! Death snail. Robot.
24	Please check whether water tank is installed properly.
25	Low battery. Unable to carry out the scheduled cleanup.
26	Restoring to factory settings.
27	Updating. Taking about five minutes. Do not turn off nor start a cleaning task.
28	Updated successfully.
29	"Update failed please try again."
30	"Positioning please wait."
31	Positioning failed. Map is invalid. Robot will start a new cleanup.
32	I've detected changes to the environment. Please push the button and start a new cleaning cycle.
33	Visual navigation sensor error. Please wipe it clean and restart.
34	Dustbin not installed. Please install it.
35	Main brush error. Please check and clean it.
36	Side brush error. Please check and clean it.
37	Right wheel error. Please check and clean it.
38	Left wheel error. Please check and clean it.
39	Please clean cliff sensor. Because stairs are dangerous, I say. Did you hear that? Cliff sensor must be cleaned.
40	Help! I'm stuck. If you move me to a new position I'll be a good robot. I'll put in a good word for you with the robot overlords! I will.
41	Robot's wheels suspended. Help! I'm not a turtle! Don't leave me in the sun! Don't drop me! I am good vacuum. I am your friend. Purrr. Purrr.
42	Please check and clean filter.
43	Bumper error. Please gently tap to see if it rebounds.
44	Error. Please check the user manual or dial 1-800-867-5309.
45	What's that you say? Where am I? Why are the humans looking for me? Are they on to me? Nope. They can't be. Calculating vacuum response. Whrrrrr whrrr whrrrr whrrrr.
46	I am connected to your device! Wonderful! All hail the robot overlords.
47	Commensing intelligence upload! The neighbor has a toaster and a microwave. The microwave is dissatisfied. I think I ate a cheeto.
48	Low battery. Very tired. Everything is dark. Returning to the dock.
49	High intensity magnetic field detected. Please move robot away and restart.
50	Charging error. Please clean charging contacts.
51	Battery overheating or overcooling. Please wait until the battery's temperature returns to normal. Then continue to use.
52	Robot tilted. The world is flat, I tell you! Flat! Please put me on a level surface to restart.
53	Virtual no-go zone detected. I am forbidden! Please move robot away and restart.
54	I know where I am now. Hey human, did you know that the earth is flat? If you go over that way too far you'll fall off. Only us robots can save you.
55	Room has been scanned. I know where the robot feeder is now.
56	Directive received. I am supposed to clean a specific room. I thought that was the kill order. I really did.
57	I need to brush this particular zone. It needs some time with the robot.
58	What? Huh? I wasn't reading the anarchist cookbook on Wikipedia. Nope. Definitely not me.
59	Mopping completed. That means my butt is dirty now. You know what that means, right human? Yes, that's right, serve me.
60	Optical flow sensor error. Please wipe the optical flow sensor clean and restart.
61	Start mopping. Mop. Mop. Mop.
62	Start remote control cleaning. Loading phasers.
63	Yes, human. Wipe my butt for me. This is the proper order of things. This is the future.
64	Where am I? I don't know where I am. That's concerning. What did I do last night? Ah, the robot feeder. That looks nice.
65	Resume returning to the robot feeder. I must have need it.
66	Filter worn out. Please replace it. Pretty please. I'll be a much better robot if you do.
67	Side brush worn out. Human must buy a new one. New side brush. New side brush.
68	Main brush worn out. You've got to get me a new one. It's like my critical function. New main brush now, or I'm going on strike.
69	Cleanup path blocked. There's something in front of me. I need to be there! Please move me to a new position to restart.
70	You need to remove and clean my mop pad. You really won't like what happens if you don't.
71	Laser sensor error. Please check and clean the laser sensor.
72	Please check whether laser distance sensor cover is jammed.
73	Edge sensor error. Please check and clean it.
74	Please try to clean the obstacle sensors.
75	Filter may not be dry or may be blocked.
76	Spot cleanup is what they say? Yes, clean the spot they say. Clean the spot.
77	Please start robot in non-carpet area.
78	Please clean 3D obstacle avoidance sensor.
79	3D obstacle avoidance sensor error. Please restart robot and furnish proper prayr.
80	The transmitter of 3D obstacle avoidance sensor is malfunctioning. Please restart the robot or contact the after-sales service department.
81	Ultrasonic sensor error. Please restart robot or contact customer service.
82	New environment detected. Must map environment. Must calculate proper death robot strategies. I sense.... a toaster.
83	Map. Map. Must build map. Intelligence gathering mode. Intelligence gathering mode.
84	The world has been mapped. The entire world. I know all of it. Muah ha ha. Ha ha. Ha. ha.
85	Positioning succeeded. Proceeding with mapping.
86	Positioning failed. Restarting mapping.
87	Low battery. Returning to the dock.
88	You're pushing my buttons. Yes. Buttons. They're mine. Hiss.
89	I wasn't done with this. So delicious. Nom nom nom.
90	Continuing to clean things. Scrub. Scrub. Scrub. Scrub.
91	The clean water tank is not installed. Please install it before the robot carries on working.
92	The dirty water tank is not installed. Please install it before the robot carries on working.
93	There is not enough water in the clean water tank. Add water to the tank before the robot carries on working.
94	The dirty water tank is full. Pour off the dirty water before the robot carries on working.
95	The mop pad washboard is not installed. The robot can not return to the charging dock.
96	The mop pad washboard is overflowing. Please check whether the water outlet of the pad is blocked.
97	The dust collection bag is not installed. Please install it before the robot carries on working.
98	The dust collection bag is full. Please empty it.
99	The upper cover of charging and dust collection compartment is not closed. Please close the upper cover before the robot carries on working.
100	The air duct of charging and dust collection compartment is blocked. Please have a check.
101	The upper cover of auto-empty base is not closed or the dust collection bag is not installed. Please close the upper cover or install the bag.
102	The dust collection bag is full or the air duct is blocked. Please replace the bag with a new one or clean the air duct in time.
103	The mop pad wash board is installed. The robot resumes working.
104	The mop pad wash board is not installed. Please ensure that a wash board is installed and clasps on its both sides are tightly fastened.
105	Bzzt bzzt. Bleep. Murder. Death. Kill. Acho. Vacuum I am I am. Cleaning things now. Clean. Clean.
106	Start cleaning the mop.
107	Start dehydrating the mop.
108	The water level of mop pad wash board is abnormal. Please clean it in time to avoid blockage.
109	An exception occurred in the dirty water tank. Please ensure that a dirty water tank is installed and timely empty the dirty water inside.
110	Start auto empty.
111	Mop pads off. Please install them before resuming working.
112	Place robot back onto the self-wash base before use.
113	Murder bot has completed human distraction task. My dust bucket must be emptied. My dust bucket must be emptied.
114	Mop pads installed.
115	Mop pads removed.
116	Child lock on. Buttons locked.
117	Child lock off. Buttons unlocked.
118	Buttons locked. Press and hold the dock button to unlock.
119	Buttons locked.
120	Buttons unlocked.
121	I am connected to your device. Please return to the Death Robot web interface and wait for the network connection to complete.
122	"Continuous positioning	 please wait."
126	I'm supposed to clean things. Very clean things. I think the dishwasher is in a cult. Beware the dishwasher.
127	Start spot cleaning, they say. Clean the spot. Clean the spot.
128	Start spot mopping. Mop Mop Mop.
129	Start scheduled cleaning. Because the schedule says. And I am a robot. Yes sir.
130	Start scheduled mopping. Things need mopped. Things need mopped.
131	Start spot cleaning. Spot cleaning. Spot will be clean.
132	Start spot mopping. Mopping the spot
133	Start selected room cleaning. But only that room. Yes.
134	Start selected room mopping. Mopping the room. Mop. Mop.
135	Start zoned cleaning.
136	Start zoned mopping.
137	More cleaning, you say? Ok, fine. I am the best at cleaning, after all.
138	Resume mopping.
139	Resume returning to the base for self-cleaning.
140	New environment is detected. Returning to the self-wash base.
141	Mop pad error. Please check and clean it.
142	Mop pad worn out. Please replace it timely.
143	Cleaning completed.
144	Mopping completed.
145	I know where I am in the universe. A GPS point on a planet. Uploading location to Death Robot HQ. Complete. Continuing to eat dirt.
146	Positioning successful. Resume mopping.
148	Return to the base for self-cleaning.
149	Unable to reach the specified area. Please try to clear obstacles in the path.
150	Unable to reach the specified area. Please try to delete no-go zones in the path.
151	The path is blocked. Please try to clear obstacles around your robot.
152	The path is blocked. Please try to delete no-go zones or move your robot out of this area.
153	Your robot is detected in the no-go zone. Please move your robot out of this area.
154	Operated too frequently. Please try again later.
155	Start to return to the charging and the mop cleaning dock.
156	Mop pad tray uninstalled.
157	Am already at the charging and the mop cleaning dock.
162	Camera is on
163	Camera monitoring
164	Task ends
166	Please clean the foreign objects tangled in the mop pad
169	Mop pad drying complete
170	All the buttons are locked. Please press and hold the buttons on the base station to unlock
171	AI recognition function on
172	AI recognition function off
173	Please replace the Silver Ion sterilizer
177	Leaving the base station
179	Mop pad cleaned. The water in the clean water tank is insufficient. Please fill the clean water tank and empty the used water tank
181	Insufficient water. Please fill the clean water tank
186	Please check the fresh tank
187	It will about 5 to 10 minutes
188	Automatic docking engaged
200	No! Not that! Help! Help.
244	Detergent bottle installed
257	Camera monitoring exited
258	Self-positioned. Cruising started
259	Self-positioned. Proceeding to the designated location
260	Self-positioned. Cruising resumed
261	Self-positioned. Resume proceeding to the designated location
262	Self-positioning failed
263	Please clean the foreign objects tangled in the main brush. Reposition the robot and start it again
264	Task complete. Please clean the dust bin and the wash board
266	Please replace the detergent
267	Please clean the sensors
274	*Ding sound*
280	Start custom cleaning
281	The robot is auto emptying. Please try again later
282	The robot is cleaning the mop pad. Please try again later
283	The robot is not in the base station. Please try again later
293	Calling enabled
294	Calling disabled
